USE `webman`;

/*Data for the table `admin_permission` */

insert  into `admin_permission`(`id`,`name`,`path`,`type`) values (1,'仪表盘','',1),(2,'首页','/admin/auth/index/dashboard',1),(3,'系统配置','',1),(4,'用户','/admin/sys/user/index',1),(5,'角色','/admin/sys/role/index',1),(6,'权限','/admin/sys/permission/index',1),(7,'菜单','/admin/sys/menu/index',1),(8,'系统-用户-数据展示','/admin/sys/user/show',2),(9,'系统-用户-添加展示','/admin/sys/user/add_show',2),(10,'系统-用户-编辑展示','/admin/sys/user/upd_show',2),(11,'系统-用户-添加','/admin/sys/user/store',2),(12,'系统-用户-编辑','/admin/sys/user/upd',2),(13,'系统-用户-删除','/admin/sys/user/del',2),(14,'系统-用户-重置密码','/admin/sys/user/reset_pd',2),(15,'系统-菜单-数据展示','/admin/sys/menu/show',2),(16,'系统-菜单-添加/编辑展示','/menu/index/menu/store_or_add_show',2),(17,'系统-菜单-添加','/admin/sys/menu/store',2),(18,'系统-菜单-编辑','/admin/sys/menu/upd',2),(19,'系统-菜单-删除','/admin/sys/menu/del',2),(20,'系统-角色-数据展示','/admin/sys/role/show',2),(21,'系统-角色-添加展示','/admin/sys/role/add_show',2),(22,'系统-角色-编辑展示','/admin/sys/role/upd_show',2),(23,'系统-角色-添加','/admin/sys/role/store',2),(24,'系统-角色-编辑','/admin/sys/role/upd',2),(25,'系统-角色-删除','/role/index/role/del',2),(26,'系统-权限-数据展示','/admin/sys/permission/show',2),(27,'系统-权限-添加','/admin/sys/permission/store',2),(28,'系统-权限-编辑','/admin/sys/permission/upd',2),(29,'系统-权限-删除','/admin/sys/permission/del',2);

/*Data for the table `admin_r_p` */

insert  into `admin_r_p`(`id`,`role_id`,`permission_id`) values (4,2,1),(5,2,2),(52,3,1),(53,3,2),(199,1,1),(200,1,2),(201,1,3),(202,1,4),(203,1,5),(204,1,6),(205,1,7),(206,1,8),(207,1,9),(208,1,10),(209,1,11),(210,1,12),(211,1,13),(212,1,14),(213,1,15),(214,1,16),(215,1,17),(216,1,18),(217,1,19),(218,1,20),(219,1,21),(220,1,22),(221,1,23),(222,1,24),(223,1,25),(224,1,26),(225,1,27),(226,1,28),(227,1,29);

/*Data for the table `admin_role` */

insert  into `admin_role`(`id`,`role_name`) values (1,'管理员'),(2,'游客1'),(3,'游客2');

/*Data for the table `admin_u_r` */

insert  into `admin_u_r`(`id`,`user_id`,`role_id`) values (4,1,1);

/*Data for the table `admin_user` */

insert  into `admin_user`(`id`,`user_name`,`password`,`phone`,`email`,`avatar_url`,`login_num`,`last_login_at`,`last_login_ip`,`created_at`,`updated_at`) values (1,'林某某','$2y$10$Uv.F0wRfrXg4DxTrXVBq3ePB1BBEO5JOndDNYtgHLN8jMfCqYdj9a','17328520000','1938545500@qq.com','/adminlte/dist/img/avatar04.png',68,'2021-05-13 20:40:38','127.0.0.1','2021-05-12 16:48:10','2021-05-13 20:40:38'),(2,'王某某','$2y$10$bGFSjT80W2mH3UU8o04CuOfh/7n2yER2TEgMR3bqzgmWjv.Oq8ayi','17328520000','1938545501@qq.com','/adminlte/dist/img/avatar.png',1,'2021-02-04 15:38:31','127.0.0.1','2021-02-04 15:38:31','2021-02-04 15:38:31'),(3,'王某1','$2y$10$bGFSjT80W2mH3UU8o04CuOfh/7n2yER2TEgMR3bqzgmWjv.Oq8ayi','17328520000','10001@qq.com','/adminlte/dist/img/avatar.png',1,'2021-02-04 15:38:31','127.0.0.1','2021-02-05 11:44:00','2021-02-04 15:38:31'),(4,'王某2','$2y$10$bGFSjT80W2mH3UU8o04CuOfh/7n2yER2TEgMR3bqzgmWjv.Oq8ayi','17328520000','10002@qq.com','/adminlte/dist/img/avatar.png',1,'2021-02-04 15:38:31','127.0.0.1','2021-02-06 11:44:00','2021-02-04 15:38:31'),(5,'王某3','$2y$10$bGFSjT80W2mH3UU8o04CuOfh/7n2yER2TEgMR3bqzgmWjv.Oq8ayi','17328520000','10003@qq.com','/adminlte/dist/img/avatar.png',1,'2021-02-04 15:38:31','127.0.0.1','2021-02-07 11:44:00','2021-02-04 15:38:31'),(6,'王某4','$2y$10$bGFSjT80W2mH3UU8o04CuOfh/7n2yER2TEgMR3bqzgmWjv.Oq8ayi','17328520000','10004@qq.com','/adminlte/dist/img/avatar.png',1,'2021-02-04 15:38:31','127.0.0.1','2021-02-08 11:44:00','2021-02-04 15:38:31'),(7,'李四','$2y$10$VoWg5fhLJM.DRcnx9yOVNuV3NdLLCkvZUvbr7z1B.SFF7opg2it5a','17328520011','10005@qq.com','/adminlte/dist/img/avatar.png',1,'2021-02-04 15:38:31','127.0.0.1','2021-02-09 11:44:00','2021-04-14 22:10:34'),(8,'王某6','$2y$10$bGFSjT80W2mH3UU8o04CuOfh/7n2yER2TEgMR3bqzgmWjv.Oq8ayi','17328520000','10006@qq.com','/adminlte/dist/img/avatar.png',1,'2021-02-04 15:38:31','127.0.0.1','2021-02-03 11:44:00','2021-02-04 15:38:31'),(9,'王某7','$2y$10$bGFSjT80W2mH3UU8o04CuOfh/7n2yER2TEgMR3bqzgmWjv.Oq8ayi','17328520000','10007@qq.com','/adminlte/dist/img/avatar.png',1,'2021-02-04 15:38:31','127.0.0.1','2021-02-03 11:44:00','2021-02-04 15:38:31'),(10,'王某8','$2y$10$bGFSjT80W2mH3UU8o04CuOfh/7n2yER2TEgMR3bqzgmWjv.Oq8ayi','17328520000','10008@qq.com','/adminlte/dist/img/avatar.png',1,'2021-02-04 15:38:31','127.0.0.1','2021-02-03 11:44:00','2021-02-04 15:38:31'),(11,'王某9','$2y$10$bGFSjT80W2mH3UU8o04CuOfh/7n2yER2TEgMR3bqzgmWjv.Oq8ayi','17328520000','10009@qq.com','/adminlte/dist/img/avatar.png',1,'2021-02-04 15:38:31','127.0.0.1','2021-02-03 11:44:00','2021-02-04 15:38:31'),(12,'王某10','$2y$10$bGFSjT80W2mH3UU8o04CuOfh/7n2yER2TEgMR3bqzgmWjv.Oq8ayi','17328520000','10010@qq.com','/adminlte/dist/img/avatar.png',1,'2021-02-04 15:38:31','127.0.0.1','2021-02-03 11:44:00','2021-02-04 15:38:31'),(13,'王某11','$2y$10$bGFSjT80W2mH3UU8o04CuOfh/7n2yER2TEgMR3bqzgmWjv.Oq8ayi','17328520000','10011@qq.com','/adminlte/dist/img/avatar.png',1,'2021-02-04 15:38:31','127.0.0.1','2021-02-03 11:44:00','2021-02-04 15:38:31'),(14,'王某12','$2y$10$bGFSjT80W2mH3UU8o04CuOfh/7n2yER2TEgMR3bqzgmWjv.Oq8ayi','17328520000','10012@qq.com','/adminlte/dist/img/avatar.png',1,'2021-02-04 15:38:31','127.0.0.1','2021-02-03 11:44:00','2021-02-04 15:38:31');

/*Data for the table `amdin_menu` */

insert  into `amdin_menu`(`id`,`pid`,`permission_id`,`sort`) values (1,0,1,1),(2,1,2,2),(3,0,3,3),(4,3,4,4),(5,3,5,5),(6,3,6,6),(7,3,7,7);